crew_id,Name,Age,Embarked,Position,Crew_Type,Survived,sección_id,Gender
0,"Smith, Commander Edward John, RNR (Retd)",62,Southampton,Captain,Officer,,,male
1,"Wilde, Lieutenant Henry Tingle",39,Southampton,Chief Officer,Officer,,,male
2,"Murdoch, Lieutenant William McMaster, RNR",39,Belfast,First Officer,Officer,,,male
3,"Lightoller, Sub-Lieutenant Charles Herbert, RNR",38,Belfast,Second Officer,Officer,,,male
4,"Pitman, Mr. Herbert John",34,Belfast,Third Officer,Officer,,,male
5,"Lowe, Sub-Lieutenant Harold Godfrey, RNR",29,Belfast,Fifth Officer,Officer,,,male
0,"Anderson, Mr. James",40,Southampton,Able seaman,Deck,,,male
1,"Anderson, Mr. John",41,Southampton,Able seaman,Deck,,,male
2,"Archer, Mr. Ernest Edward",36,Southampton,Able Seaman,Deck,,,male
3,"Bailey, Mr. Joseph Henry",43,Southampton,Master-at-arms,Deck,,,male
4,"Bradley, Mr. T.",29,Southampton,Able Seaman,Deck,,,male
5,"Brice, Mr. Walter T.",42,Southampton,Able Seaman,Deck,,,male
6,"Bright, Mr. Arthur John",41,Southampton,Quartermaster,Deck,,,male
7,"Buley, Mr. Edward John",27,Southampton,Able Seaman,Deck,,,male
8,"Clench, Mr. Frederick",34,Southampton,Able Seaman,Deck,,,male
9,"Callahan, Mr. James",31,Ireland,Able Officer,Deck,,,male
10,"Couch, Mr. Frank",28,Southampton,Able Seaman,Deck,,,male
11,"Davis, Mr. Stephen James",39,Southampton,Able Seaman,Deck,,,male
12,"Evans, Mr. Alfred Frank",24,Southampton,Lookout,Deck,,,male
13,"Evans, Mr. Frank Oliver",24,Southampton,Able Seaman,Deck,,,male
14,"Fleet, Mr. Frederick",24,Belfast,Lookout,Deck,,,male
15,"Foley, Mr. John",44,Belfast,Storekeeper,Deck,,,male
16,"Forward, Mr. James",27,Southampton,Able Seaman,Deck,,,male
17,"Haines, Mr. Albert M.",31,Belfast,Boatswain,Deck,,,male
18,"Harder, Mr. William",39,Southampton,Window cleaner,Deck,,,male
19,"Hemming, Mr. Samuel Ernest",43,Belfast,Lamp trimmer,Deck,,,male
20,"Hichens, Mr. Robert",29,Southampton,Quartermaster,Deck,,,male
21,"Hogg, Mr. George Alfred",29,Belfast,Lookout,Deck,,,male
22,"Holman, Mr. Harry",27,Belfast,Able Seaman,Deck,,,male
23,"Hopkins, Mr. Robert John",40,Southampton,Able Seaman,Deck,,,male
24,"Horswill, Mr. Albert Edward James",33,Southampton,Able Seaman,Deck,,,male
25,"Humphreys, Mr. Sidney James",48,Southampton,Quartermaster,Deck,,,male
26,"Hutchinson, Mr. John Hall",26,Belfast,Carpenter,Deck,,,male
27,"Jewell, Mr. Archie",23,Belfast,Lookout,Deck,,,male
28,"Jones, Mr. Thomas William",32,Southampton,Able Seaman,Deck,,,male
29,"King, Mr. Thomas W.",43,Southampton,Master-at-arms,Deck,,,male
30,"Lee, Mr. Reginald Robinson",41,Southampton,Lookout,Deck,,,male
31,"Lucas, Mr. William A.",25,Southampton,Able Seaman,Deck,,,male
32,"Lyons, Mr. William Henry",26,Southampton,Able Seaman,Deck,,,male
33,"Matherson, Mr. David",30,Southampton,Able Seaman,Deck,,,male
34,"Mathais, Mr. Montague Vincent",27,Southampton,Mess Steward,Deck,,,male
35,"Maxwell, Mr. John",31,Belfast,Carpenter/Joiner,Deck,,,male
36,"McCarthy, Mr. William",47,Southampton,Able Seaman,Deck,,,male
37,"McGough, Mr. James R.",25,Southampton,Able Seaman,Deck,,,male
38,"Moore, Mr. George Alfred",32,Southampton,Able Seaman,Deck,,,male
39,"Nichols, Mr. Alfred",42,Belfast,Boatswain,Deck,,,male
40,"O'Loughlin, Dr. William Francis Norman",62,Belfast,Surgeon,Deck,,,male
41,"Olliver, Mr. Alfred",27,Belfast,Quartermaster,Deck,,,male
42,"Osman, Mr. Frank",28,Southampton,Able Seaman,Deck,,,male
43,"Pascoe, Mr. Charles H.",43,Southampton,Able Seaman,Deck,,,male
44,"Perkis, Mr. Walter John",37,Belfast,Quartermaster,Deck,,,male
45,"Peters, Mr. William Chapman",26,Southampton,Able Seaman,Deck,,,male
46,"Poingdestre, Mr. John Thomas",33,Southampton,Able Seaman,Deck,,,male
47,"Rowe, Mr. George Thomas",32,Belfast,Quartermaster,Deck,,,male
48,"Sawyer, Mr. Robert James",30,Southampton,Window cleaner,Deck,,,male
49,"Scarrott, Mr. Joseph George",33,Southampton,Able Seaman,Deck,,,male
50,"Simpson, Dr. John Edward",37,Southampton,Assistant Surgeon,Deck,,,male
51,"Smith, Mr. William",26,Southampton,Able Seaman,Deck,,,male
52,"Symons, Mr. George Thomas Macdonald",24,Southampton,Lookout,Deck,,,male
53,"Tamlyn, Mr. Frederick",23,Southampton,Mess Steward,Deck,,,male
54,"Taylor, Mr. C.",35,Southampton,Able Seaman,Deck,,,male
55,"Terrell, Mr. Bertram",20,Southampton,Able Seaman,Deck,,,male
56,"Thorley, Mr. Jonathon",15,Southampton,Lamp Trimmer,Deck,,,male
57,"Vigott, Mr. Philip Francis",32,Southampton,Able Seaman,Deck,,,male
58,"Weller, Mr. William Clifford",30,Belfast,Able Seaman,Deck,,,male
59,"Wynn, Mr. Walter",41,Belfast,Quartermaster,Deck,,,male
0,"Abrams, Mr. William",33,Southampton,Fireman,Engineering,,,male
1,"Adams, Mr. R.",26,Southampton,Fireman/Stoker,Engineering,,,male
2,"Allen, Mr. Henry",32,Southampton,Fireman/Stoker,Engineering,,,male
3,"Allen, Mr. Ernest Frederick",24,Southampton,Trimmer,Engineering,,,male
4,"Allsop, Mr. Alfred Samuel",34,Belfast,Electrician,Engineering,,,male
5,"Avery, Mr. James Frank",22,Southampton,Trimmer,Engineering,,,male
6,"Bailey, Mr. George W.",46,Southampton,Fireman/Stoker,Engineering,,,male
7,"Baines, Mr. Richard",24,Southampton,Greaser,Engineering,,,male
8,"Bannon, Mr. John",32,Southampton,Greaser,Engineering,,,male
9,"Barlow, Mr. Charles",30,Southampton,Fireman/Stoker,Engineering,,,male
10,"Barnes, Mr. Charles",29,Southampton,Fireman/Stoker,Engineering,,,male
11,"Barnes, Mr. Frederick",29,Southampton,Fireman/Stoker,Engineering,,,male
12,"Barrett, Mr. Frederick",28,Southampton,Leading Fireman,Engineering,,,male
13,"Barrett, Mr. Frederick William",33,Southampton,Fireman/Stoker,Engineering,,,male
14,"Beattie, Mr. Joseph",34,Belfast,Greaser,Engineering,,,male
15,"Beauchamp, Mr. George William",24,Southampton,Fireman/Stoker,Engineering,,,male
16,"Bell, Mr. Joseph",50,Belfast,Chief Engineer,Engineering,,,male
17,"Bendell, Mr. F.",24,Southampton,Fireman/Stoker,Engineering,,,male
18,"Bennett, Mr. George Alfred",30,Southampton,Fireman/Stoker,Engineering,,,male
19,"Benville, Mr. E.",42,Southampton,Fireman/Stoker,Engineering,,,male
20,"Bessant, Mr. William Edward",39,Southampton,Fireman/Stoker,Engineering,,,male
21,"Bevis, Mr. Joseph Henry",22,Southampton,Trimmer,Engineering,,,male
22,"Biggs, Mr. Edward Charles",21,Southampton,Fireman/Stoker,Engineering,,,male
23,"Billow, Mr. J.",20,Southampton,Trimmer,Engineering,,,male
24,"Binstead, Mr. Walter",19,Southampton,Trimmer,Engineering,,,male
25,"Black, Mr. Alexander",28,Southampton,Fireman/Stoker,Engineering,,,male
26,"Black, Mr. D.",41,Southampton,Fireman/Stoker,Engineering,,,male
27,"Blackman, Mr. H.",24,Southampton,Fireman/Stoker,Engineering,,,male
28,"Blake, Mr. Percival Albert",22,Southampton,Trimmer,Engineering,,,male
30,"Blake, Mr. Thomas",36,Southampton,Fireman/Stoker,Engineering,,,male
31,"Blaney, Mr. James",29,Southampton,Fireman/Stoker,Engineering,,,male
32,"Blann, Mr. Eustace Horatius",21,Southampton,Fireman/Stoker,Engineering,,,male
33,"Bott, Mr. W.",44,Southampton,Greaser,Engineering,,,male
34,"Bradley, Mr. Patrick Joseph",39,Southampton,Fireman/Stoker,Engineering,,,male
35,"Brewer, Mr. Henry Harry""""""""",30,Southampton,Trimmer,Engineering,,,male
36,"Briant, Mr. Albert",34,Southampton,Greaser,Engineering,,,male
37,"Brooks, Mr. J.",25,Southampton,Trimmer,Engineering,,,male
38,"Brown, Mr. John",25,Southampton,Fireman/Stoker,Engineering,,,male
39,"Brown, Mr. Joseph James",25,Southampton,Fireman/Stoker,Engineering,,,male
40,"Burroughs, Mr. Arthur",35,Southampton,Fireman/Stoker,Engineering,,,male
41,"Burton, Mr. Edward John",32,Southampton,Fireman/Stoker,Engineering,,,male
42,"Butt, Mr. William John",30,Southampton,Fireman/Stoker,Engineering,,,male
43,"Calderwood, Mr. Hugh",30,Belfast,Trimmer,Engineering,,,male
44,"Canner, Mr. J.",40,Southampton,Fireman/Stoker,Engineering,,,male
45,"Carr, Mr. Richard Stephen",37,Southampton,Trimmer,Engineering,,,male
46,"Carter, Mr. James",46,Southampton,Fireman/Stoker,Engineering,,,male
47,"Casey, Mr. T.",28,Southampton,Trimmer,Engineering,,,male
48,"Castleman, Mr. Edward",37,Southampton,Greaser,Engineering,,,male
49,"Cavell, Mr. George Henry",22,Southampton,Trimmer,Engineering,,,male
50,"Cherrett, Mr. William Victor",24,Southampton,Fireman/Stoker,Engineering,,,male
51,"Chisnall, Mr. George Alexander",35,Belfast,Boilermaker,Engineering,,,male
52,"Chorley, Mr. John",25,Southampton,Fireman/Stoker,Engineering,,,male
53,"Clark, Mr. William",39,Southampton,Fireman/Stoker,Engineering,,,male
54,"Coe, Mr. Harry",21,Southampton,Trimmer,Engineering,,,male
55,"Coleman, Mr. John",57,Belfast,Mess Steward,Engineering,,,male
56,"Collins,  Mr. Samuel",35,Southampton,Fireman/Stoker,Engineering,,,male
57,"Combes, Mr. George",21,Southampton,Fireman/Stoker,Engineering,,,male
58,"Cooper, Mr. Harry",26,Southampton,Fireman/Stoker,Engineering,,,male
59,"Cooper, Mr. James",25,Southampton,Trimmer,Engineering,,,male
60,"Copperthwaite, Mr. B.",22,Southampton,Trimmer,Engineering,,,male
61,"Corcoran,  Mr. Dennis",33,Southampton,Fireman/Stoker,Engineering,,,male
62,"Cotton, Mr. A.",26,Southampton,Trimmer,Engineering,,,male
63,"Couch, Mr. Joseph Henry",45,Southampton,Greaser,Engineering,,,male
64,"Couper, Mr. Robert",30,Southampton,Fireman/Stoker,Engineering,,,male
65,"Coy, Mr. Francis Ernest George",26,Southampton,Junior Assistant 3rd Engineer,Engineering,,,male
66,"Crabb, Mr. H.",23,Southampton,Trimmer,Engineering,,,male
67,"Creese, Mr. Henry Philip",44,Belfast,Deck Engineer,Engineering,,,male
68,"Crimmins, Mr. James",21,Southampton,Fireman/Stoker,Engineering,,,male
69,"Cross, Mr. W.",39,Southampton,Fireman/Stoker,Engineering,,,male
70,"Cunningham, Mr. B.",30,Southampton,Fireman/Stoker,Engineering,,,male
71,"Curtis, Mr. Arthur",25,Southampton,Fireman/Stoker,Engineering,,,male
72,"Davies, Mr. Thomas",33,Southampton,Leading Fireman,Engineering,,,male
73,"Dawson, Mr. Joseph",23,Southampton,Trimmer,Engineering,,,male
74,"Diaper, Mr. J.",25,Southampton,Fireman/Stoker,Engineering,,,male
75,"Dickson,  Mr. W.",36,Southampton,Trimmer,Engineering,,,male
76,"Dilley, Mr. John",30,Southampton,Fireman/Stoker,Engineering,,,male
77,"Dillon, Mr. Thomas Patrick",25,Southampton,Trimmer,Engineering,,,male
78,"Dodd, Mr. Edward Charles",38,Belfast,Junior 3rd Engineer,Engineering,,,male
79,"Dodds, Mr. Henry Watson",27,Southampton,Junior Assistant 4th Engineer,Engineering,,,male
80,"Doel, Mr. Frederick",22,Southampton,Fireman/Stoker,Engineering,,,male
81,"Dore, Mr. A.",22,Southampton,Trimmer,Engineering,,,male
82,"Doyle, Mr. Laurence",27,Southampton,Fireman/Stoker,Engineering,,,male
83,"Duffy, Mr. William Luke",28,Belfast,Writer/Engineer's Clerk,Engineering,,,male
84,"Dyer, Mr. Henry Ryland",24,Southampton,Senior Assistant 4th Engineer,Engineering,,,male
85,"Dymond, Mr. Frank",25,Southampton,Fireman/Stoker,Engineering,,,male
89,"Ervine, Mr. Albert G.",18,Belfast,Assistant Electrician,Engineering,,,male
90,"Evans, Mr. Williams",32,Southampton,Trimmer,Engineering,,,male
91,"Farquharson, Mr. William E.",39,Southampton,Senior 2nd Engineer,Engineering,,,male
92,"Fay, Mr. Thomas",30,Southampton,Greaser,Engineering,,,male
94,"Ferris, Mr. William",38,Southampton,Leading Fireman,Engineering,,,male
95,"Fitzpatrick, Mr. Charles W.N.",30,Southampton,Mess Steward,Engineering,,,male
98,"Ford, Mr. Thomas",30,Southampton,Leading Fireman,Engineering,,,male
99,"Foster, Mr. A.",37,Southampton,Engineering Storekeeper,Engineering,,,male
100,"Fraser, Mr. James",29,"Belfast, Ireland",Junior Assistant Third Engineer,Engineering,,,male
102,"Fredricks, W.",20,Southampton,Trimmer,Engineering,,,male
103,"Fryer, Mr. Albert E.",26,Southampton,Trimmer,Engineering,,,male
104,"Geer, Mr. Alfred E.",24,Southampton,Fireman/Stoker,Engineering,,,male
106,"Godwin, Mr. Frederick W.",34,Southampton,Greaser,Engineering,,,male
108,"Gordon, Mr. J.",29,Southampton,Trimmer,Engineering,,,male
109,"Goree, Mr. Frank",28,Southampton,Greaser,Engineering,,,male
114,"Grodidge, Mr. Ernest E.",32,Southampton,Fireman/Stoker,Engineering,,,male
115,"Gumery, Mr. George",24,Southampton,Mess Steward,Engineering,,,male
116,"Hagan, Mr. John",30,Belfast,Fireman/Stoker,Engineering,,,male
117,"Hall, Mr. Joseph",32,Southampton,Fireman/Stoker,Engineering,,,male
122,"Harris, Mr. Frederick",34,Southampton,Fireman/Stoker,Engineering,,,male
123,"Harrison, Mr. Norman",39,Belfast,Assistant Second Engineer,Engineering,,,male
124,"Harvey, Mr. Herbert G.",34,Southampton,Junior Assistant Second Engineer,Engineering,,,male
128,"Hendrickson, Mr. Charles G.",29,Southampton,Leading Fireman,Engineering,,,male
129,"Hesketh, Mr. James (aka John) H.",33,Belfast,Assistant Second Engineer,Engineering,,,male
132,"Hosking, Mr. George Fox",36,Southampton,Senior Third Engineer,Engineering,,,male
133,"Hunt, Mr. Albert",22,Southampton,Trimmer,Engineering,,,male
134,"Hunt, Mr. T.",28,Southampton,Fireman/Stoker,Engineering,,,male
136,"Hurst, Walter",27,Southampton,Fireman/Stoker,Engineering,,,male
142,"Jarvis, Mr. William",37,Southampton,Fireman/Stoker,Engineering,,,male
144,"Judd, Mr. Charles E.",32,Southampton,Fireman/Stoker,Engineering,,,male
145,"Jukes, Mr. James",35,Southampton,Greaser,Engineering,,,male
146,"Jupe, Mr. Herbert",31,Southampton,Assistant Electrician,Engineering,,,male
147,"Kaspar, Mr. Franz V.",40,Southampton,Fireman/Stoker,Engineering,,,male
149,"Kearl, Mr. G.",24,Southampton,Trimmer,Engineering,,,male
150,"Keegan, Mr. James",38,Southampton,Leading Fireman,Engineering,,,male
152,"Kelly, Mr. William",23,Belfast,Assistant Electrician,Engineering,,,male
154,"Kemp, Mr. Thomas H.",43,Southampton,Assistant Fourth Engineer,Engineering,,,male
157,"Kinsella, Mr. Louis",30,Southampton,Fireman/Stoker,Engineering,,,male
159,"Knowles, Mr. Thomas",39,Southampton,Firemen's Messman,Engineering,,,male
165,"Loyd, Mr. W.",29,Southampton,Fireman/Stoker,Engineering,,,male
166,"Long, Mr. Frank",28,Southampton,Trimmer,Engineering,,,male
168,"Mackie, Mr. William D.",32,Belfast,Junior Fifth Engineer,Engineering,,,male
171,"Marsh, Mr. Frederick C.",28,Southampton,Fireman/Stoker,Engineering,,,male
173,"Mason, Mr. Frank A.R.",32,Southampton,Fireman/Stoker,Engineering,,,male
174,"Mason, Mr. James",39,Southampton,Leading Fireman,Engineering,,,male
175,"May Jr., Mr. Arthur",23,Southampton,Fireman/Stoker,Engineering,,,male
176,"May Sr., Mr. Arthur W.",60,Southampton,Fireman's Messman,Engineering,,,male
177,"Mayo, Mr. William P.",27,Southampton,Leading Fireman,Engineering,,,male
178,"Mayzes, Mr. Thomas",25,Southampton,Fireman/Stoker,Engineering,,,male
188,"McInytre, Mr. William",22,Southampton,Trimmer,Engineering,,,male
189,"McQuillan, Mr. William",32,Belfast,Fireman/Stoker,Engineering,,,male
191,"McReynolds, Mr. William",22,Belfast,Junior Sixth Engineer,Engineering,,,male
192,"Middleton, Mr. Alfred P.",17,Belfast,Assistant Electrician,Engineering,,,male
194,"Millar, Mr. Robert",27,Southampton,Extra Fifth Engineer,Engineering,,,male
195,"Millar, Mr. Thomas",33,Belfast,Assistant Deck Engineer,Engineering,,,male
196,"Mintram, Mr. William",46,Southampton,Fireman/Stoker,Engineering,,,male
202,"Morgan, Mr. Thomas A.",26,Southampton,Fireman/Stoker,Engineering,,,male
206,"Moyes, Mr. William Y.",23,Belfast,Senior Sixth Engineer,Engineering,,,male
207,"Murdock, Mr. William",34,Belfast,Fireman/Stoker,Engineering,,,male
209,"Newman, Mr. Charles T.",32,Southampton,Engineering Storekeeper,Engineering,,,male
212,"Noss, Mr. Bertram A.",21,Southampton,Fireman/Stoker,Engineering,,,male
213,"Noss, Mr. Henry",31,Southampton,Fireman/Stoker,Engineering,,,male
214,"Nutbean, Mr. William",31,Southampton,Fireman/Stoker,Engineering,,,male
215,"O'Connor, Mr. John",25,Southampton,Trimmer,Engineering,,,male
220,"Painter, Mr. Charles",31,Southampton,Fireman/Stoker,Engineering,,,male
221,"Painter, Mr. Frank",29,Southampton,Fireman/Stoker,Engineering,,,male
223,"Parsons, Mr. Frank A.",27,Belfast,Senior Fifth Engineer,Engineering,,,male
225,"Pelham, Mr. George",39,Southampton,Trimmer,Engineering,,,male
226,"Perry, Mr. Edgar L.",19,Southampton,Trimmer,Engineering,,,male
230,"Podesta, Mr. John",25,Southampton,Fireman/Stoker,Engineering,,,male
231,"Pond, Mr. George",32,Southampton,Fireman/Stoker,Engineering,,,male
232,"Prangnell, Mr. George",31,Southampton,Greaser,Engineering,,,male
233,"Preston, Mr. Thomas C.",20,Southampton,Trimmer,Engineering,,,male
234,"Priest, Mr. Arthur J.",23,Southampton,Fireman/Stoker,Engineering,,,male
236,"Pugh, Mr. Percy",31,Southampton,Leading Fireman,Engineering,,,male
237,"Pusey, Mr. Robert W.",24,Southampton,Fireman/Stoker,Engineering,,,male
240,"Reeves, Mr. Robert",30,Southampton,Fireman/Stoker,Engineering,,,male
241,"Rice, Mr. Charles",32,Southampton,Fireman/Stoker,Engineering,,,male
245,"Rous, Mr. Arthur J.",26,Southampton,Plumber,Engineering,,,male
246,"Rudd, Mr. Henry",23,Southampton,Engineering Storkeeper,Engineering,,,male
250,"Saunders, Mr. W.",30,Southampton,Fireman/Stoker,Engineering,,,male
252,"Scott, Mr. Archibald",40,Southampton,Fireman/Stoker,Engineering,,,male
255,"Self, Mr. Edward",25,Southampton,Fireman/Stoker,Engineering,,,male
256,"Senior, Mr. Henry",31,Southampton,Fireman/Stoker,Engineering,,,male
257,"Shea, Mr. Thomas",29,Southampton,Fireman/Stoker,Engineering,,,male
258,"Sheath, Mr. Frederick",20,Southampton,Trimmer,Engineering,,,male
259,"Shepherd, Mr. Johnathan",32,Southampton,Junior Assistant Second Engineer,Engineering,,,male
260,"Shiers, Mr. Alfred",24,Southampton,Fireman/Stoker,Engineering,,,male
261,"Shillaber, Mr. Charles",20,Southampton,Trimmer,Engineering,,,male
263,"Sloan, Mr. Peter",31,Belfast,Chief Electrician,Engineering,,,male
264,"Small, Mr. William",40,Southampton,Leading Fireman,Engineering,,,male
266,"Smith, Mr. James M.",35,Southampton,Junior Fourth Engineer,Engineering,,,male
270,"Snowberger, Mr. Eustace P.",21,Southampton,Trimmer,Engineering,,,male
273,"Stanbrook, Mr. Augustus",30,Southampton,Fireman/Stoker,Engineering,,,male
276,"Street, Mr. Henry A.",25,Southampton,Fireman/Stoker,Engineering,,,male
279,"Taylor, Mr. James",25,Southampton,Fireman/Stoker,Engineering,,,male
282,"Taylor, Mr. William H.",28,Southampton,Fireman/Stoker,Engineering,,,male
284,"Thompson, Mr. John W.",42,Southampton,Fireman/Stoker,Engineering,,,male
285,"Threlfall, Mr. Thomas",38,Southampton,Leading Fireman,Engineering,,,male
286,"Thresher, Mr. George",25,Southampton,Fireman/Stoker,Engineering,,,male
291,"van der brugge, Mr. Wessel A.",42,Southampton,Fireman/Stoker,Engineering,,,male
293,"Vear, Mr. Henry",32,Southampton,Fireman/Stoker,Engineering,,,male
294,"Vear, Mr. W.",32,Southampton,Fireman/Stoker,Engineering,,,male
295,"Ward, Mr. Arthur",24,Belfast,Junior Assistant Fourth Engineer,Engineering,,,male
296,"Ward, Mr. Joseph",31,Southampton,Leading Fireman,Engineering,,,male
297,"Wardner, Mr. Frederick Albert",39,Southampton,Fireman/Stoker,Engineering,,,male
301,"Webber, Mr. Francis A.",31,Southampton,Leading Fireman,Engineering,,,male
304,"White, Mr. William G.",23,Southampton,Trimmer,Engineering,,,male
305,"Williams, Mr. Samuel S.",26,Southampton,Fireman/Stoker,Engineering,,,male
306,"Wilson, Mr. Bertie",28,Southampton,Senior Assistant Second Engineer,Engineering,,,male
307,"Wilton, Mr. William",45,Southampton,Trimmer,Engineering,,,male
308,"Witcher, Mr. Alfred",40,Southampton,Fireman/Stoker,Engineering,,,male
310,"Witt, Mr. Henry D.",40,Southampton,Fireman/Stoker,Engineering,,,male
311,"Woodford, Mr. Frederick",41,Southampton,Greaser,Engineering,,,male
314,"Young, Mr. Francis J.",30,Southampton,Fireman/Stoker,Engineering,,,male
0,"Abbott, Mr. Ernest Owen",21,Southampton,First Class Lounge Pantry Steward,Victualling,,,male
1,"Ahier, Mr. Percy Snowden",20,Southampton,First Class Saloon Steward,Victualling,,,male
2,"Akerman, Mr. Albert",28,Southampton,Third Class ,Victualling,,,male
3,"Akerman, Mr. Joseph Francis",35,Southampton,Asst. Pantry Steward,Victualling,,,male
4,"Allan, Mr. Robert Spencer",36,Southampton,First Class Bedroom Steward,Victualling,,,male
5,"Allen, Mr. George",26,Southampton,Scullion,Victualling,,,male
6,"Allen, Mr. Frederick",17,Southampton,Lift Steward,Victualling,,,male
7,"Allsop, Mr. Frank Richard",41,Southampton,Bedroom Steward,Victualling,,,male
8,"Anderson, Mr. Walter J.",48,Southampton,Scullion,Victualling,,,male
9,"Andrews,  Mr. Charles Edward",19,Southampton,Assistant Second Class Saloon Steward,Victualling,,,male
10,"Ashcroft, Mr. Austin Aloysius",26,Southampton,Clerk,Victualling,,,male
11,"Ashe, Mr. Henry Wellesley",32,Southampton,Glory Hole Steward,Victualling,,,male
12,"Ayling, Mr. George Edwin",22,Southampton,Assistant Vegetable Cook,Victualling,,,male
13,"Back, Mr. Charles Frederick",32,Belfast,Assistant Lounge Steward,Victualling,,,male
14,"Baggott, Mr. Allen Marden",28,Southampton,Saloon Steward,Victualling,,,male
15,"Bagley, Mr. Edward Ernest",31,Southampton,First Class Saloon Steward,Victualling,,,male
16,"Bailey, Mr. George Francis",36,Belfast,Second Class Saloon Steward,Victualling,,,male
17,"Ball, Mr. Percy",19,Southampton,First Class Plate Steward,Victualling,,,male
18,"Barker, Mr. Albert Vale",19,Southampton,Assistant Baker,Victualling,,,male
19,"Barker, Mr. Ernest T.",37,Southampton,First Class Saloon Steward,Victualling,,,male
20,"Barker, Mr. Reginald Lomond",40,Belfast,Assistant ,Victualling,,,male
21,"Barlow, Mr. George",36,Southampton,Second Class Bedroom Steward,Victualling,,,male
22,"Barnes, Mr. Frederick",37,Southampton,Baker,Victualling,,,male
23,"Barratt, Mr. Arthur",15,Southampton,Bell Boy,Victualling,,,male
24,"Barringer, Mr. Arthur William",33,Belfast,Saloon Steward,Victualling,,,male
25,"Barrow, Mr. Harry",35,Southampton,Butcher,Victualling,,,male
26,"Barrows, Mr. William",32,Southampton,First Class Saloon Steward,Victualling,,,male
27,"Barton, Mr. Sidney John",25,Southampton,Third Class Steward,Victualling,,,male
28,"Baxter, Mr. Harry Ross",51,Southampton,Third Class Steward,Victualling,,,male
29,"Baxter, Mr. Thomas Ferguson",48,Southampton,Linen Steward,Victualling,,,male
30,"Bedford, Mr. William Barnet",31,Southampton,Assistant Roast Cook,Victualling,,,male
31,"Beedem, Mr. George Arthur",34,Southampton,Second Class Bedroom Steward,Victualling,,,male
32,"Beere, Mr. William",19,Southampton,Kitchen Porter,Victualling,,,male
33,"Benham, Mr. Frederick",29,Southampton,Second Class Saloon Steward,Victualling,,,male
34,"Bennett, Mrs. Mabel",30,Southampton,First Class Stewardess,Victualling,,,female
35,"Bessant, Mr. Edward William",31,Southampton,Baggage Steward,Victualling,,,male
36,"Best, Mr. Alfred",38,Belfast,First Class Saloon Steward,Victualling,,,male
37,"Blake, Mr. Seaton",26,Belfast,Mess Steward,Victualling,,,male
38,"Bishop, Mr. Walter Alexander",34,Belfast,First Class Bedroom Steward,Victualling,,,male
39,"Bliss, Mrs. Emma (nÃ©e Junod)",45,Southampton,First Class Stewardess,Victualling,,,female
40,"Bochatay, Mr. Alexis Joseph",30,Southampton,Chef,Victualling,,,male
41,"Bogie, Mr. Norman Leslie",29,Southampton,Second Class Bedroom Steward,Victualling,,,male
42,"Bond, Mr. William John",40,Belfast,First Class Bedroom Steward,Victualling,,,male
43,"Boothby, Mr. W.",36,Southampton,Second Class Bedroom Steward,Victualling,,,male
44,"Boston, Mr. William John",30,Belfast,Deck Steward,Victualling,,,male
45,"Boughton, Mr. B.",24,Southampton,Saloon Steward,Victualling,,,male
46,"Boyd, Mr. John",35,Southampton,Saloon Steward,Victualling,,,male
47,"Boyes, Mr. John Henry",36,Belfast,Saloon Steward,Victualling,,,male
48,"Bradshaw, Mr. J.A.",43,Southampton,Plate Steward,Victualling,,,male
49,"Brewster, Mr. George H.",48,Belfast,Bedroom Steward,Victualling,,,male
50,"Bride, Mr. Harold Sydney",22,Belfast,Assistant Telegraphist,Victualling,,,male
51,"Bristow, Mr. Robert Charles",31,Southampton,Steward,Victualling,,,male
52,"Bristow, Mr. Harry",33,Southampton,Saloon Steward,Victualling,,,male
53,"Brookman, Mr, John",27,Southampton,Steward,Victualling,,,male
54,"Broom, Mr. H.",33,Belfast,Bath Steward,Victualling,,,male
55,"Broome, Mr. Athol Frederick",30,Southampton,Verandah Steward,Victualling,,,male
56,"Brown, Mr. Edward",34,Belfast,Saloon Steward,Victualling,,,male
57,"Brown, Mr. Walter James",28,Belfast,Saloon Steward,Victualling,,,male
58,"Buckley, Mr. H.E.",34,Southampton,Assistant Vegetable Cook,Victualling,,,male
59,"Bull, Mr. W.",30,Southampton,Scullion,Victualling,,,male
60,"Bulley, Mr. Henry Ashburnham",21,Southampton,Boots,Victualling,,,male
61,"Bunnell, Mr. Wilfred",20,Belfast,Plate Steward,Victualling,,,male
62,"Burgess, Mr. Charles Reginald",18,Southampton,Extra Third Baker,Victualling,,,male
63,"Burke, Mr. Richard Edward",30,Belfast,Lounge Steward,Victualling,,,male
64,"Burke, Mr. William",31,Belfast,Saloon Steward,Victualling,,,male
65,"Burr, Mr. Ewart",29,Southampton,Saloon Steward,Victualling,,,male
66,"Burrage, Mr. Alfred",20,Southampton,Plate Steward,Victualling,,,male
67,"Butt, Mr. Robert Henry",22,Southampton,Saloon Steward,Victualling,,,male
68,"Butterworth, Mr. John",23,Southampton,Saloon Steward,Victualling,,,male
69,"Byrne, Mr. J.E.",31,Southampton,Bedroom Steward,Victualling,,,male
70,"Campbell, Mr. Donald S.",25,Southampton,Third Class Clerk,Victualling,,,male
71,"Carney, Mr. William",31,Southampton,Lift Steward,Victualling,,,male
72,"Cartwright, Mr. James Edward",32,Belfast,Saloon Steward,Victualling,,,male
73,"Casswill, Mr. Charles",32,Southampton,Saloon Steward,Victualling,,,male
74,"Caton, Miss Annie",50,Southampton,Turkish Bath Stewardess,Victualling,,,female
75,"Caunt, Mr. William Ewart",27,Southampton,Grill Cook,Victualling,,,male
76,"Cave, Mr. Herbert",34,Belfast,Saloon Steward,Victualling,,,male
77,"Cecil, Mr. C.",20,Southampton,Steward,Victualling,,,male
78,"Chapman, Mr. Joseph Charles",32,Southampton,Boots,Victualling,,,male
79,"Charman, Mr. John",25,Southampton,Saloon Steward,Victualling,,,male
80,"Cheverton, Mr. William Edward",27,Belfast,Saloon Steward,Victualling,,,male
81,"Chitty, Mr. Archibald George",28,Southampton,Steward,Victualling,,,male
82,"Chitty, Mr. George Henry",52,Southampton,Baker,Victualling,,,male
83,"Christmas, Mr. H.",33,Southampton,Assistant Saloon Steward,Victualling,,,male
84,"Coleman, Mr. Albert Edward",28,Southampton,Saloon Steward,Victualling,,,male
85,"Coleman, Mr. John",57,Southampton,Mess Steward,Victualling,,,male
86,"Colgan, Mr. E. Joseph",33,Southampton,Scullion,Victualling,,,male
87,"Collins, Mr. John",17,Southampton,Scullion,Victualling,,,male
88,"Conway, Mr. P.W.",25,Belfast,Saloon Steward,Victualling,,,male
89,"Cook, Mr. George",42,Southampton,Saloon Steward,Victualling,,,male
90,"Coombs, Mr. Augustus Charles",38,Southampton,Cook,Victualling,,,male
91,"Corben, Mr. Ernest Theodore",27,Southampton,Assistant Printer Steward,Victualling,,,male
92,"Coutin, Mr. Auguste Louis",28,Southampton,Entree Cook,Victualling,,,male
93,"Cox, Mr. William Denton",29,Southampton,Steward,Victualling,,,male
94,"Crafter, Mr. Frederick",27,Southampton,Saloon Steward,Victualling,,,male
95,"Crawford, Mr. Alfred",36,Belfast,Bedroom Steward,Victualling,,,male
96,"Crisp, Mr. Albert Hector",35,Belfast,Saloon Steward,Victualling,,,male
97,"Crispin, Mr. William",32,Southampton,Glory Hole Steward,Victualling,,,male
98,"Crosby, Mr. J. Bertram",42,Southampton,Turkish Bath Attendant,Victualling,,,male
99,"Crowe, Mr. George Frederick",30,Southampton,Saloon Steward,Victualling,,,male
100,"Crumplin, Mr. Charles",35,Belfast,Bedroom Steward,Victualling,,,male
101,"Cullen, Mr. Charles",45,Belfast,Bedroom Steward,Victualling,,,male
102,"Cunningham, Mr. Andrew",35,Belfast,Bedroom Steward,Victualling,,,male
103,"Daniels, Mr. Sidney Edward",18,Southampton,Steward,Victualling,,,male
104,"Dashwood, Mr. William George",19,Southampton,Saloon Steward,Victualling,,,male
105,"Davies, Mr. Gordon Raleigh",33,Belfast,Bedroom Steward,Victualling,,,male
106,"Davies, Mr. John James",27,Belfast,Extra 2nd Baker,Victualling,,,male
107,"Davies, Mr. Robert J.",26,Belfast,Saloon Steward,Victualling,,,male
108,"Dean, Mr. George H.",19,Southampton,Assistant Saloon Steward,Victualling,,,male
109,"Deeble, Mr. Alfred Arnold",29,Belfast,Saloon Steward,Victualling,,,male
110,"Derrett, Mr. Albert",26,Belfast,Saloon Steward,Victualling,,,male
111,"Deslands, Mr. Percival Stainer",36,Southampton,Saloon Steward,Victualling,,,male
112,"Desvernine, Mr. Louis Gabriel",20,Southampton,Assistant Pastry Cook,Victualling,,,male
113,"Dinenage, Mr. James Richard",47,Southampton,Saloon Steward,Victualling,,,male
114,"Dodd, Mr. George Charles",44,Belfast,Steward,Victualling,,,male
115,"Dolby, Mr. Joseph",36,Belfast,Reception Room Steward,Victualling,,,male
116,"Donoghue, Mr. Frank",35,Belfast,Bedroom Steward,Victualling,,,male
117,"Doughty, Mr. W.",22,Southampton,Saloon Steward,Victualling,,,male
118,"Dunford, Mr. William",41,Southampton,Hospital Steward,Victualling,,,male
119,"Dyer, Mr. William",31,Southampton,Saloon Steward,Victualling,,,male
120,"Edbrooke, Mr. F.",24,Southampton,Steward,Victualling,,,male
121,"Ede, Mr. George B.",22,Southampton,Steward,Victualling,,,male
122,"Edge, Mr. Frederick William",37,Southampton,Deck Steward,Victualling,,,male
123,"Edwards, Mr. Clement",38,Southampton,Assistant Pantryman Steward,Victualling,,,male
124,"Egg, Mr. W.H.",34,Southampton,Steward,Victualling,,,male
125,"Ellis, Mr. John Bertram",30,Southampton,Assistant Vegetable Cook,Victualling,,,male
126,"Ennis, Mr. Walter",35,Southampton,Turkish Bath Attendant,Victualling,,,male
127,"Etches, Mr. Henry Samuel",41,Belfast,Bedroom Steward,Victualling,,,male
128,"Evans, Mr. George Richard",32,Belfast,Saloon Steward,Victualling,,,male
129,"Fairall, Mr. Henry",38,Belfast,Saloon Steward,Victualling,,,male
130,"Farrenden, Mr. Ernest John",32,Belfast,Confectioner,Victualling,,,male
131,"Faulkner, Mr. William Stephen",37,Belfast,Bedroom Steward,Victualling,,,male
132,"Fellowes, Mr. Alfred J.",29,Belfast,Boots,Victualling,,,male
133,"Feltham, Mr. G.",36,Southampton,Vienna Baker,Victualling,,,male
134,"Finch, Mr. Harry",18,Southampton,Steward,Victualling,,,male
135,"Fletcher, Mr. Peter W.",26,Belfast,Bugler Steward,Victualling,,,male
136,"Foley, Mr. William C.",26,Southampton,Steward,Victualling,,,male
137,"Ford, Mr. Ernest",32,Southampton,Steward,Victualling,,,male
138,"Ford, Mr. F.",37,Southampton,Bedroom Steward,Victualling,,,male
139,"Fox, Mr. William Thomas",27,Southampton,Steward,Victualling,,,male
140,"Franklin, Mr. Alan Vincent",29,Southampton,Saloon Steward,Victualling,,,male
141,"Freeman, Mr. Ernest Edward Samuel",43,Belfast,Deck Steward,Victualling,,,male
142,"Geddes, Mr. Richard Charles",31,Southampton,Bedroom Steward,Victualling,,,male
143,"Gibbons, Mr. Jacob William",36,Southampton,Saloon Steward,Victualling,,,male
144,"Giles, Mr. John Robert",30,Southampton,Baker,Victualling,,,male
145,"Gill, Mr. Joseph Stanley",34,Belfast,Bedroom Steward,Victualling,,,male
146,"Gill, Mr. Patrick",38,Southampton,Ship's Cook,Victualling,,,male
147,"Gold, Mrs. Katherine (nÃ©e Cook)",42,Southampton,Stewardess,Victualling,,,female
148,"Gollop, Mr. F.",28,Southampton,Assistant Passage Cook,Victualling,,,male
149,"Goshawk, Mr. Arthur James",31,Belfast,3rd Saloon Steward,Victualling,,,male
150,"Gregson, Miss Mary",44,Southampton,Stewardess,Victualling,,,female
151,"Gunn, Mr. Joseph Alfred",28,Southampton,Assistant Saloon Steward,Victualling,,,male
152,"Guy, Mr. Edward John",28,Southampton,Boots,Victualling,,,male
153,"Halford, Mr. Richard",22,Southampton,Steward,Victualling,,,male
154,"Hall, Mr. F.A.J.",38,Southampton,Scullion,Victualling,,,male
155,"Hamblyn, Mr. Ernest William",41,Southampton,Bedroom Steward,Victualling,,,male
156,"Hamilton, Mr. Ernest",25,Belfast,Assistant Smoke Room Steward,Victualling,,,male
157,"Harding, Mr. A.",20,Southampton,Assistant Pantry Steward,Victualling,,,male
158,"Hardwick, Mr. Reginald",21,Southampton,Kitchen Porter,Victualling,,,male
159,"Hardy, Mr. John T.",37,Belfast,Chief 2nd Class Steward,Victualling,,,male
160,"Harris, Mr. Charles William",19,Southampton,Saloon Steward,Victualling,,,male
161,"Harris, Mr. Clifford Henry",16,Southampton,Bell Boy,Victualling,,,male
162,"Harris, Mr. Edward",18,Southampton,Assistant Pantryman Steward,Victualling,,,male
163,"Harrison, Mr. Aragon D.",40,Southampton,Saloon Steward,Victualling,,,male
164,"Hart, Mr. John Edward",31,Southampton,3rd Class Steward,Victualling,,,male
165,"Hartnell, Mr. Frederick",21,Southampton,Saloon Steward,Victualling,,,male
166,"Hatch, Mr. Hugh",22,Southampton,Scullion,Victualling,,,male
167,"Hawkesworth, Mr. James",38,Southampton,Saloon Steward,Victualling,,,male
168,"Hawkesworth, Mr. William Walter",38,Southampton,Deck Steward,Victualling,,,male
169,"Hayter, Mr. Arthur",44,Belfast,Bedroom Steward,Victualling,,,male
170,"Heinen, Mr. Joseph",30,Southampton,Saloon Steward,Victualling,,,male
171,"Hendy, Mr. Edward Martin",38,Belfast,Saloon Steward,Victualling,,,male
172,"Hensford, Mr. Herbert George",29,Southampton,Butcher,Victualling,,,male
173,"Hewett, Mr. Thomas",37,Belfast,Bedroom Steward,Victualling,,,male
174,"Hill, Mr. H.P.",36,Southampton,Steward,Victualling,,,male
175,"Hill, Mr. James Colston",38,Belfast,Bedroom Steward,Victualling,,,male
176,"Hinckley, Mr. George",35,Southampton,Bath Steward,Victualling,,,male
177,"Hine, Mr. William Edward",36,Southampton,Baker,Victualling,,,male
178,"Hiscock, Mr. S.",22,Southampton,Plate Steward,Victualling,,,male
179,"Hoare, Mr. Leonard James",21,Belfast,Saloon Steward,Victualling,,,male
180,"Hogg, Mr. Charles William",37,Southampton,Bedroom Steward,Victualling,,,male
181,"Hogue, Mr. E.",22,Southampton,Plate Steward,Victualling,,,male
182,"Holland, Mr. Thomas",28,Belfast,Reception Steward,Victualling,,,male
183,"Holloway, Mr. Sidney",20,Southampton,Clothes Presser,Victualling,,,male
184,"Hopkins, Mr. F.",16,Southampton,Plate Steward,Victualling,,,male
185,"House, Mr. William",38,Belfast,Saloon Steward,Victualling,,,male
186,"Howell, Mr. Arthur Albert",31,Belfast,Saloon Steward,Victualling,,,male
187,"Hughes, Mr. William Thomas",33,Southampton,Steward,Victualling,,,male
188,"Humby, Mr. Frederick",16,Southampton,Plate Steward,Victualling,,,male
189,"Humphreys, Mr. Thomas Humphrey",31,Southampton,Assistant Saloon Steward,Victualling,,,male
190,"Hutchinson, Mr. James",29,Southampton,Vegetable Cook,Victualling,,,male
191,"Hyland, Mr. Leo James",19,Southampton,Steward,Victualling,,,male
192,"Ide, Mr. Harry John",32,Southampton,Bedroom Steward,Victualling,,,male
193,"Ingrouille, Mr. Henry",21,Southampton,Steward,Victualling,,,male
194,"Ings, Mr. William Ernest",20,Southampton,Scullion,Victualling,,,male
195,"Jackson, Mr. Cecil",29,Belfast,Boots,Victualling,,,male
196,"Janaway, Mr. William Frank",35,Belfast,Bedroom Steward,Victualling,,,male
197,"Jenner, Mr. Harry",41,Belfast,Saloon Steward,Victualling,,,male
198,"Jensen, Mr. Charles Valdemar",25,Southampton,Saloon Steward,Victualling,,,male
199,"Jessop, Miss Violet Constance",24,Southampton,Stewardess,Victualling,,,female
200,"Johnson Thorne, Mr. Harry",25,Southampton,Assistant Ship's Cook,Victualling,,,male
201,"Johnston, Mr. James",41,Belfast,Saloon Steward,Victualling,,,male
202,"Jones, Mr. Albert",17,Southampton,Saloon Steward,Victualling,,,male
203,"Jones, Mr. Arthur Ernest",38,Southampton,Plate Steward,Victualling,,,male
204,"Jones, Mr. H.",29,Southampton,Roast Cook,Victualling,,,male
205,"Jones, Mr. Reginald V.",20,Southampton,Saloon Steward,Victualling,,,male
206,"Joughin, Mr. Charles John",32,Belfast,Chief Baker,Victualling,,,male
207,"Keen, Mr. Percy Edward",28,Southampton,Saloon Steward,Victualling,,,male
208,"Kelland, Mr. Thomas",21,Southampton,Library Steward,Victualling,,,male
209,"Kennell, Mr. Charles",30,Southampton,Hebrew Cook,Victualling,,,male
210,"Kerley, Mr. William Thomas",28,Southampton,Assistant Saloon Steward,Victualling,,,male
211,"Ketchley, Mr. Henry",30,Belfast,Saloon Steward,Victualling,,,male
212,"Kieran, Mr. James W.",32,Southampton,Chief 3rd Class Steward,Victualling,,,male
213,"Kieran, Mr. Michael",31,Southampton,Storekeeper,Victualling,,,male
214,"King, Mr. Alfred",18,Southampton,Lift Steward,Victualling,,,male
215,"King, Mr. Ernest Waldron",28,Southampton,Clerk,Victualling,,,male
216,"King, Mr. G.",20,Southampton,Scullion,Victualling,,,male
217,"Kingscote, Mr. William Ford",43,Southampton,Saloon Steward,Victualling,,,male
218,"Kirkaldy, Mr. Thomas",37,Southampton,Bedroom Steward,Victualling,,,male
219,"Kitching, Mr. Arthur Alfred",30,Southampton,Saloon Steward,Victualling,,,male
220,"Klein, Mr. Herbert",33,Southampton,Barber,Victualling,,,male
221,"Knight, Mr. George",44,Southampton,Saloon Steward,Victualling,,,male
222,"Knight, Mr. Leonard George",21,Southampton,Steward,Victualling,,,male
223,"Lacey, Mr. Bert W.",21,Southampton,Assistant Saloon Steward,Victualling,,,male
224,"Lake, Mr. William",35,Belfast,Saloon Steward,Victualling,,,male
225,"Lane, Mr. Albert Edward",34,Southampton,Saloon Steward,Victualling,,,male
226,"Latimer, Mr. Andrew L.",55,Belfast,Chief First Class Steward,Victualling,,,male
227,"Lavington, Miss Bessie",39,Southampton,Stewardess,Victualling,,,female
228,"Lawrence, Mr. Arthur",25,Belfast,Saloon Steward,Victualling,,,male
229,"Leader, Mr. Archie",22,Southampton,Confectioner,Victualling,,,male
230,"Leather, Mrs Elizabeth May",41,Southampton,Stewardess,Victualling,,,female
231,"Lefebvre, Mr. Paul Georges",35,Southampton,Saloon Steward,Victualling,,,male
232,"Leonard, Mr. Matthew",26,Belfast,Steward,Victualling,,,male
233,"Levett, Mr. George Alfred",21,Belfast,Assistant Pantryman,Victualling,,,male
234,"Lewis, Mr. Arthur Ernest",27,Southampton,Steward,Victualling,,,male
235,"Light, Mr. C.",23,Southampton,Plate Steward,Victualling,,,male
236,"Littlejohn, Mr. Alexander James",40,Belfast,Saloon Steward,Victualling,,,male
237,"Lloyd, Mr. Humphrey",32,Belfast,Saloon Steward,Victualling,,,male
238,"Locke, Mr. A.",33,Southampton,Scullion,Victualling,,,male
239,"Longmuir, Mr. John Dickson",19,Southampton,Assistant Pantry Steward,Victualling,,,male
240,"Lovell, Mr. John",38,Southampton,Grill Cook,Victualling,,,male
241,"Lucas, Mr. William",34,Belfast,Saloon Steward,Victualling,,,male
242,"Lydiatt, Mr. Charles",38,Southampton,Saloon Steward,Victualling,,,male
243,"Mabey, Mr. J.",23,Southampton,Steward,Victualling,,,male
244,"Mackay, Mr. Charles Donald",34,Belfast,Saloon Steward,Victualling,,,male
245,"Mackie, Mr. George William",34,Southampton,Bedroom Steward,Victualling,,,male
246,"Major, Mr. Thomas Edgar",35,Belfast,Bath Steward,Victualling,,,male
247,"Mantle, Mr. Roland Frederick",36,Southampton,Steward,Victualling,,,male
248,"Marks, Mr. J.",26,Southampton,Assistant Pantryman Steward,Victualling,,,male
249,"Marriott, Mr. J.W.",20,Southampton,Assistant Pantryman Steward,Victualling,,,male
250,"Marsden, Miss Evelyn",28,Southampton,Stewardess,Victualling,,,female
251,"Martin, Mrs. Annie",33,Southampton,Stewardess,Victualling,,,female
252,"Martin, Mr. F.",29,Southampton,Scullion,Victualling,,,male
253,"Maynard, Mr. Isaac Hiram",31,Belfast,Entre Cook,Victualling,,,male
254,"Maytum, Mr. Alfred",52,Belfast,Chief Butcher,Victualling,,,male
255,"McCarthy, Mr. Frederick",36,Southampton,Bedroom Steward,Victualling,,,male
256,"McCawley, Mr. Thomas W.",36,Belfast,Gymnasium Steward,Victualling,,,male
257,"McElroy, Mr. Hugh Walter",37,Southampton,Purser,Victualling,,,male
258,"McGrady, Mr. James",27,Southampton,Saloon Steward,Victualling,,,male
259,"McLaren, Mrs.",40,Southampton,Stewardess,Victualling,,,female
260,"McMicken, Mr. Arthur",23,Belfast,Saloon Steward,Victualling,,,male
261,"McMicken, Mr. Benjamin Tucker",21,Belfast,Second Pantry Steward,Victualling,,,male
262,"McMullin, Mr. James",31,Belfast,Saloon Steward,Victualling,,,male
263,"McMurray, Mr. William Ernest",43,Belfast,Bedroom Steward,Victualling,,,male
264,"Mellor, Mr. Arthur",34,Southampton,Saloon Steward,Victualling,,,male
265,"Middleton, Mr. M.V.",24,Southampton,Saloon Steward,Victualling,,,male
266,"Mills, Mr. Christopher",51,Southampton,Butcher,Victualling,,,male
267,"Mishellamy, Mr. Abraham",52,Belfast,Printer Steward,Victualling,,,male
268,"Moore, Mr. Alfred Ernest",39,Southampton,Saloon Steward,Victualling,,,male
269,"Morgan (Bird), Mr. Charles Frederick",42,Southampton,Assistant Storekeeper,Victualling,,,male
270,"Morris, Mr. Frank Herbert",28,Belfast,Bathroom Steward,Victualling,,,male
271,"Moss, Mr. William",34,Belfast,1st Saloon Steward,Victualling,,,male
272,"Mullen, Mr. Thomas A.",20,Southampton,Steward,Victualling,,,male
273,"Neal, Mr. Henry",25,Southampton,Baker,Victualling,,,male
274,"Nicholls, Mr. Sidney",39,Southampton,Saloon Steward,Victualling,,,male
275,"Nichols, Mr. A. D.",34,Southampton,Steward,Victualling,,,male
276,"Nichols, Mr. Walter Henry",35,Southampton,Steward,Victualling,,,male
277,"O'Connor, Mr. Thomas Peter",39,Belfast,Bedroom Steward,Victualling,,,male
278,"Olive, Mr. Ernest Roskelly",28,Southampton,Clothes Presser Steward,Victualling,,,male
279,"Orpet, Mr. Walter Hayward",31,Southampton,Saloon Steward,Victualling,,,male
280,"Orr, Mr. J.",40,Southampton,Assistant Vegetable Cook,Victualling,,,male
281,"Osbourne, Mr. William Edward",32,Belfast,Saloon Steward,Victualling,,,male
282,"Owen, Mr. Lewis",49,Southampton,Assistant Saloon Steward,Victualling,,,male
283,"Pacey, Mr. Reginald Ivan",17,Southampton,Lift Steward,Victualling,,,male
284,"Paintin, Mr. James Arthur",29,Southampton,Captain's Steward,Victualling,,,male
285,"Parsons, Mr. Edward",35,Southampton,Chief Storekeeper,Victualling,,,male
286,"Parsons, Mr. Richard",18,Southampton,Saloon Steward,Victualling,,,male
287,"Pearce, Mr. Alfred Ernest",24,Southampton,Steward,Victualling,,,male
288,"Pearcey, Mr. Albert Victor",32,Southampton,Steward,Victualling,,,male
289,"Pennal, Mr. Thomas Francis",33,Southampton,Bath Steward,Victualling,,,male
290,"Penny, Mr. William Far",30,Southampton,Assistant Saloon Steward,Victualling,,,male
291,"Penrose, Mr. John Poole",49,Belfast,Bedroom Steward,Victualling,,,male
292,"Perkins, Mr. Laurence Alexander",22,Southampton,Telephone Steward,Victualling,,,male
293,"Perrin, Mr. William Charles",39,Southampton,Boots Steward,Victualling,,,male
294,"Perriton, Mr. Hubert Prouse",31,Southampton,Saloon Steward,Victualling,,,male
295,"Petty, Mr. Edwin Henry",25,Southampton,Bedroom Steward,Victualling,,,male
296,"Pfropper, Mr. Richard",30,Southampton,Saloon Steward,Victualling,,,male
297,"Phillimore, Mr. Harold Charles William",23,Belfast,Saloon Steward,Victualling,,,male
298,"Phillips, Mr. John George Jack""""""""",25,Belfast,Telegraphist,Victualling,,,male
299,"Platt, Mr. W.",18,Belfast,Scullion,Victualling,,,male
300,"Pook, Mr. P.",34,Belfast,Assistant Pantry,Victualling,,,male
301,"Port, Mr. Frank",32,Belfast,Steward,Victualling,,,male
302,"Porteus, Mr. Thomas",32,Belfast,Butcher,Victualling,,,male
303,"Prentice, Mr. Frank Winnold",22,Belfast,Storekeeper,Victualling,,,male
304,"Prichard, Mrs. Alice",33,Belfast,Stewardess,Victualling,,,female
305,"Prideaux, Mr. John Arthur Jack""""""""",23,Belfast,Steward,Victualling,,,male
306,"Prior, Mr. Harold John",21,Belfast,Steward,Victualling,,,male
307,"Proctor, Mr. Charles",40,Belfast,Chef,Victualling,,,male
308,"Pryce, Mr. Charles William",22,Southampton,Saloon Steward,Victualling,,,male
309,"Pugh, Mr. Alfred",20,Southampton,Steward,Victualling,,,male
310,"Pusey, Mr. John E.",35,Belfast,Saloon Steward,Victualling,,,male
311,"Randall, Mr. Frank Henry",27,Southampton,Saloon Steward,Victualling,,,male
312,"Ransom, Mr. James",33,Belfast,Saloon Steward,Victualling,,,male
313,"Rattonbury, Mr. William Henry",36,Belfast,Assistant Boots Steward,Victualling,,,male
314,"Ray, Mr. Frederick Dent",32,Belfast,Saloon Steward,Victualling,,,male
315,"Reed, Mr. Charles S.",43,Southampton,Bedroom Steward,Victualling,,,male
316,"Revell, Mr. William",31,Belfast,Saloon Steward,Victualling,,,male
317,"Rice, Mr. John Reginald",25,Southampton,Clerk,Victualling,,,male
318,"Rice, Mr. John Reginald",25,Southampton,Steward,Victualling,,,male
319,"Ricks, Mr. Cyril G.",23,Southampton,Storekeeper,Victualling,,,male
320,"Ridout, Mr. W.",29,Southampton,Saloon Steward,Victualling,,,male
321,"Rimmer, Mr. Gilbert",27,Southampton,Saloon Steward,Victualling,,,male
322,"Roberton, Mr. George Edward",19,Southampton,Assistant Saloon Steward,Victualling,,,male
323,"Roberts, Mr. Frank John",36,Belfast,Third Butcher,Victualling,,,male
324,"Roberts, Mr. Hugh H.",40,Southampton,Bedroom Steward,Victualling,,,male
325,"Roberts, Mrs. Mary Kezziah (nÃ©e Humphrys)",41,Southampton,Saloon Steward,Victualling,,,female
326,"Robinson, Mrs. Annie ",40,Southampton,Stewardess,Victualling,,,female
327,"Robinson, Mr. James William",30,Southampton,Saloon Steward,Victualling,,,male
328,"Rogers, Mr. Edward James William",32,Southampton,Assistant Storekeeper,Victualling,,,male
329,"Rogers, Mr. Michael",27,Southampton,Saloon Steward,Victualling,,,male
330,"Ross, Mr. Horace Leopold",36,Southampton,Scullion,Victualling,,,male
331,"Rowe, Mr. Edward M.",31,Belfast,Saloon 1st Class Steward,Victualling,,,male
332,"Rule, Mr. Samuel James",58,Belfast,Bathroom Steward,Victualling,,,male
333,"Russell, Mr. Boysie Richard",17,Southampton,Saloon Steward,Victualling,,,male
334,"Ryan, Mr. Tom",27,Southampton,3rd Class Steward,Victualling,,,male
335,"Ryerson, Mr. William Edwy",32,Southampton,Saloon Steward,Victualling,,,male
336,"Samuel, Mr. Owen Wilmore",41,Southampton,Saloon Steward,Victualling,,,male
337,"Saunders, Mr. D. E.",26,Southampton,Saloon Steward,Victualling,,,male
338,"Savage, Mr. Charles J.",23,Southampton,Saloon Steward,Victualling,,,male
339,"Scott, Mr. John",21,Southampton,Boots Steward,Victualling,,,male
340,"Scovell, Mr. Robert",42,Southampton,Saloon Steward,Victualling,,,male
341,"Sedunary, Mr. Sidney Francis",25,Southampton,2nd Third Class Steward,Victualling,,,male
342,"Shea, Mr. John",39,Belfast,Saloon Steward,Victualling,,,male
343,"Slight, Mr. Harry John",35,Southampton,Steward,Victualling,,,male
344," Sloan, Miss Mary",28,Southampton,Stewardess,Victualling,,,female
345," Slocombe, Mrs Maud (nÃ©e Waldon)",30,Southampton,Turkish Bath Stewardess,Victualling,,,female
346,"Smillie, Mr. John",38,Belfast,Saloon Steward,Victualling,,,male
347,"Smith, Mr. Charles Edward",38,Southampton,Bed Room Steward,Victualling,,,male
348," Smith, Miss Katherine E.",42,Southampton, Stewardess,Victualling,,,female
349," Snape, Mrs Lucy Violet",22,Southampton, Stewardess,Victualling,,,female
350,"Stap, Miss Sarah Agnes",47,Southampton, Stewardess,Victualling,,,female
351,"Stone, Mr. Edmond J.",26,Southampton,1st class Bedroom Steward,Victualling,,,male
352,"Stone, Mr. Edward Thomas",30,Southampton,1st class Bedroom Steward,Victualling,,,male
353,"Talbot, Mr. George Frederick Charles.",27,Southampton,Steward,Victualling,,,male
354,"Taylor, Mr. William",21,Southampton,Boots Steward,Victualling,,,male
355,"Teuton, Mr. Thomas Moore",32,Southampton,Saloon Steward,Victualling,,,male
356,"Turner, Mr. L[eopold].",28,Belfast,First Class Saloon Steward,Victualling,,,male
357,"Veal, Mr. Thomas H.E.",38,Southampton,First Class Saloon Steward,Victualling,,,male
358,"Wake, Mr. T.",32,Southampton,Asst. Baker,Victualling,,,male
359,"Wallis, Mrs Catherine Jane",35,Southampton,Second Class Matron,Victualling,,,female
360,"Walpole, Mr. James",48,Belfast,Chief Pantryman,Victualling,,,male
361," Walsh, Miss Catherine",32,Southampton, Stewardess,Victualling,,,female
362,"Ward, Mr. Edward",34,Southampton,First Class Bedroom Steward,Victualling,,,male
363,"Ward, Mr. Percy T.",38,Southampton,First Class Bedroom Steward,Victualling,,,male
364,"Ward, Mr. William",36,Southampton,First Class Saloon Steward,Victualling,,,male
365,"Wareham, Mr. Robert Arthur",36,Southampton,First Class Bedroom Steward,Victualling,,,male
366,"Warwick, Mr. Thomas",35,Southampton,First Class Saloon Steward,Victualling,,,male
367,"Weatherston, Mr. Thomas",24,Belfast,First Class Saloon Steward,Victualling,,,male
368,"Weikman, Mr. August",51,Southampton,First Class Barber,Victualling,,,male
369,"White, Mr J.W.",27,Southampton,Glory Hole Steward,Victualling,,,male
370,"White, Mr. L.",32,Southampton,First Class Saloon Steward,Victualling,,,male
371,"Whiteley, Mr. Thomas",18,Southampton,First Class Saloon Steward,Victualling,,,male
372,"Whitford, Mr. A.H.",37,Southampton,Second Class Slaoon Steward,Victualling,,,male
373,"Whittman, Mr. Henry",34,Southampton,First Class Bedroom Steward,Victualling,,,male
374,"Widgery, Mr. James G.",37,Southampton,Second Class Bath Steward,Victualling,,,male
375,"Wildebank, Mr. Alfred E.",39,Southampton,Asst. Cook,Victualling,,,male
376,"Williams, Mr. Walter J.",28,Southampton,Second Class Saloon Steward,Victualling,,,male
377,"Willis, Mr. William",66,Southampton,Third Class Steward,Victualling,,,male
378,"Wiltshire, Mr. W.",33,Southampton,Asst. Butcher,Victualling,,,male
379,"Witter, Mr. James W.C.",31,Southampton,Second Class Smoking Room Steward,Victualling,,,male
380,"Wood, Mr. J.T.",40,Southampton,Second Class Saloon Steward,Victualling,,,male
381,"Wormald, Mr. Frederick William",36,Southampton,First Class Saloon Steward,Victualling,,,male
382,"Wrapson, Mr. Frederick B.",19,Southampton,Asst. Pantryman,Victualling,,,male
383,"Wright, Mr. Frederick",24,Southampton,Squash Court Steward,Victualling,,,male
384,"Wright, Mr. William",40,Southampton,Glory Hole Steward,Victualling,,,male
385,"Yearsley, Mr. Harry",38,Southampton,First Class Saloon Steward,Victualling,,,male
386,"Yoshack, Mr. James A.",31,Southampton,First Class Saloon Steward,Victualling,,,male
0,"Allaria, Signore Battista Antonio",30,Southampton,Asst. Waiter,Restaurant,,,male
1,"Aspeslagh, Mr. Georges",26,Southampton,Asst. Plateman,Restaurant,,,male
2,"Banfi, Signore Ugo",24,Southampton,Waiter,Restaurant,,,male
3,"Basilico, Signore Giovanni",27,Southampton,Waiter,Restaurant,,,male
4,"Bazzi, Signore Narciso",33,Southampton,Waiter,Restaurant,,,male
5,"Bernardi, Signore Battista",22,Southampton,Asst. Waiter,Restaurant,,,male
6,"Beux, Mr. David",26,Southampton,Asst. Waiter,Restaurant,,,male
7,"Bietrix, Mr. George Baptiste",28,Southampton,Cook,Restaurant,,,male
8,"Blument, Mr. Jean Baptiste",26,Southampton,Pantryman,Restaurant,,,male
9,"Bochet, Mr. Pierre Giuseppe",43,Southampton,Waiter,Restaurant,,,male
10,"Bolhuis, Mr. Hendrik Hennie""""""""",21,Southampton,Larder Cook,Restaurant,,,male
11,"Bowker, Miss Ruth",27,Southampton,Cashier,Restaurant,,,female
12,"Casali, Signore Giulio",27,Southampton,Waiter,Restaurant,,,male
13,"Chaboisson, Mr. Adrien Finnin",25,Southampton,Roast Cook,Restaurant,,,male
14,"Cornaire, Mr.  Marcel Raymond AndrÃ©",19,Southampton,Asst. Roast Cook,Restaurant,,,male
15,"Coutin, Mr. Auguste Louis",28,Southampton,EntrÃ©e Cook,Restaurant,,,male
16,"Crovella, Signore Luigi",17,Southampton,Asst. Waiter,Restaurant,,,male
17,"De Marsico, Signore Giovanni",20,Southampton,Asst. Waiter,Restaurant,,,male
18,"Debreucq, Mr. Maurice Emile Victor",22,Southampton,Asst. Waiter,Restaurant,,,male
19,"Desvernine, Mr. Louis Gabriel",20,Southampton,Asst. Pastry Cook,Restaurant,,,male
20,"Donati, Signore Italo Francesco",17,Southampton,Asst. Waiter,Restaurant,,,male
21,"Dornier, Mr. Louis Auguste",20,Southampton,Asst. Fish Cook,Restaurant,,,male
22,"Fey, Signore Carlo",30,Southampton,Scullion,Restaurant,,,male
23,"Fioravante, Signore Giuseppe Bertoldo",23,Southampton,Asst. Scullion,Restaurant,,,male
24,"Gatti, Signore Gaspare Antonio Pietro Luigi""""""""",37,Southampton,Restaurant Manager,Restaurant,,,male
25,"Gilardino, Signore Vincenzo Pio",31,Southampton,Waiter,Restaurant,,,male
26,"Grosclaude, Mr. GÃ©rald",24,Southampton,Waiter,Restaurant,,,male
27,"Jaillet, Mr. Henri Marie",28,Southampton,Pastry Cook,Restaurant,,,male
28,"Janin, Mr. Claude Marie",29,Southampton,Soup Cook,Restaurant,,,male
29,"Jeffery, Mr. William Alfred",28,Southampton,Controller,Restaurant,,,male
30,"Jouannault, Mr. Georges Jules",24,Southampton,Asst. Sauce Cook,Restaurant,,,male
31,"Martin, Miss Margaret Edwina Mabel""""""""",20,Southampton,Cashier,Restaurant,,,female
32,"Mattmann, Mr. Adolf",20,Southampton,Ice Man,Restaurant,,,male
33,"MaugÃ©, Mr. Paul Achille Maurice Germain",25,Southampton,Kitchen Clerk,Restaurant,,,male
34,"Monteverdi, Signore Giovanni",23,Southampton,Cook,Restaurant,,,male
35,"Mourous, Mr. Jean Javier",20,Southampton,Asst. Waiter,Restaurant,,,male
36,"Nannini, Signore Francesco Luigi",42,Southampton,Head Waiter,Restaurant,,,male
37,"Pachera, Signore Jean Baptiste Stanislas",19,Southampton,Asst. Larder Cook,Restaurant,,,male
38,"Pedrini, Signore Alessandro",21,Southampton,Asst. Waiter,Restaurant,,,male
39,"Peracchio, Signore Alberto",20,Southampton,Asst. Waiter,Restaurant,,,male
40,"Peracchio, Signore Sebastiano",17,Southampton,Asst. Waiter,Restaurant,,,male
41,"Perotti, Signore Alfonso",20,Southampton,Asst. Waiter,Restaurant,,,male
42,"Phillips, Mr. Walter John",35,Southampton,Storekeeper,Restaurant,,,male
43,"Piatti, Signore Luigi",17,Southampton,Asst. Waiter,Restaurant,,,male
44,"Piazza, Signore Pompeo",30,Southampton,Waiter,Restaurant,,,male
45,"Poggi, Signore Emilio",28,Southampton,Waiter,Restaurant,,,male
46,"Price, Mr. Ernest",17,Southampton,Barman,Restaurant,,,male
47,"Ratti, Signore Enrico",21,Southampton,Waiter,Restaurant,,,male
48,"Ricaldone, Signore Rinaldo Renato",22,Southampton,Asst. Waiter,Restaurant,,,male
49,"Rigozzi, Signore Abele",22,Southampton,Asst. Waiter,Restaurant,,,male
50,"Rotta, Signore Angelo Mario",23,Southampton,Waiter,Restaurant,,,male
51,"Rousseau, Mr. Pierre",49,Southampton,Chef,Restaurant,,,male
52,"Saccaggi, Signore Giovanni Giuseppe Emilio",24,Southampton,Asst. Waiter,Restaurant,,,male
53,"Salussolia, Signore Giovanni",25,Southampton,Glass Man,Restaurant,,,male
54,"Sartori, Signore Lazar",24,Southampton,Asst. Glass Man,Restaurant,,,male
55,"Scavino, Signore Candido",42,Southampton,Carver,Restaurant,,,male
56,"Sesia, Signore Giacomo",24,Southampton,Waiter,Restaurant,,,male
57,"Testoni, Signore Ercole",23,Southampton,Asst. Glass Man,Restaurant,,,male
58,"Tietz, Mr. Karl",27,Southampton,Kitchen Porter,Restaurant,,,male
59,"Turvey, Mr. Charles",16,Southampton,Page Boy,Restaurant,,,male
60,"Urbini, Signore Roberto",22,Southampton,Waiter,Restaurant,,,male
61,"Valvassori, Signore Ettore Luigi",35,Southampton,Waiter,Restaurant,,,male
62,"Vicat, Mr. Alphonse Jean Eugene",21,Southampton,Cook,Restaurant,,,male
63,"Villvarlange, Mr. Pierre LÃ©on Gabriel",19,Southampton,Asst. Soup Cook,Restaurant,,,male
64,"Vine, Mr. H.",18,Southampton,Asst. Controller,Restaurant,,,male
65,"Vioni, Signore Roberto",31,Southampton,Waiter,Restaurant,,,male
66,"Voegelin-Dubach, Mr. Johannes",35,Southampton,Coffee Maker,Restaurant,,,male
67,"Zanetti, Signore Minio",20,Southampton,Asst. Waiter,Restaurant,,,male
68,"Zarracchi, Signore L.",26,Southampton,Wine Butler,Restaurant,,,male
0,"Gwinn, Mr. William Logan",37,Southampton,Postal Clerk,Postal,,,male
1,"March, Mr. John Starr",50,Southampton,Postal Clerk,Postal,,,male
2,"Smith, Mr. John Richard Jago""""""""",35,Southampton,Postal Clerk,Postal,,,male
3,"Williamson, Mr. James Bertram",35,Southampton,Postal Clerk,Postal,,,male
4,"Woody, Mr. Oscar Scott",44,Southampton,Postal Clerk,Postal,,,male
0,"Andrews, Mr. Thomas",39,Belfast,Shipbuilder,Guarantee,,,male
1,"Campbell, Mr. William Henry",21,Belfast,Joiner,Guarantee,,,male
2,"Chisholm, Mr. Roderick Robert Crispin",40,Belfast,Draughtsman,Guarantee,,,male
3,"Cunningham, Mr. Alfred Fleming",21,Belfast,Fitter,Guarantee,,,male
4,"Frost, Mr. Anthony Wood Artie""""""""",37,Belfast,Fitter,Guarantee,,,male
5,"Knight, Mr. Robert J.",39,Belfast,Fitter,Guarantee,,,male
6,"Parkes, Mr. Francis Frank""""""""",21,Belfast,Plumber,Guarantee,,,male
7,"Parr, Mr. William Henry Marsh",29,Belfast,Electrician,Guarantee,,,male
8,"Watson, Mr. Ennis Hastings",15,Belfast,Electrician's Apprentice,Guarantee,,,male
0,"Brailey, Mr. W. Theodore Ronald",24,, Pianist ,Musician,,,male
1,"Bricoux, Mr. Roger Marie",20,, Cellist ,Musician,,,male
2," Clarke, Mr. John Frederick Preston ",30,, Bassist ,Musician,,,male
3,"Hartley, Mr. Wallace Henry",33,,Bandmaster,Musician,,,male
4,"Hume, Mr. John Law Jock""""""""",21,, Violinist ,Musician,,,male
5,"Krins, Mr. Georges Alexandre",23,, Violinist ,Musician,,,male
6,"Taylor, Mr. Percy Cornelius ",32,, Cellist ,Musician,,,male
7,"Woodward, Mr. John Wesley ",32,, Cellist ,Musician,,,male
